http://www.honeywellgenerators.com/,http://generac-honeywell-upgrade-2018.bluemod.us/
http://www.honeywellgenerators.com/portable-power,http://generac-honeywell-upgrade-2018.bluemod.us/portable-power
http://www.honeywellgenerators.com/service-support/product-information,http://generac-honeywell-upgrade-2018.bluemod.us/service-support/product-information
http://www.honeywellgenerators.com/contact-us,http://generac-honeywell-upgrade-2018.bluemod.us/contact-us
http://www.honeywellgenerators.com/commercial-power/mobile-link,http://generac-honeywell-upgrade-2018.bluemod.us/commercial-power/mobile-link
http://www.honeywellgenerators.com/portable-power/products,http://generac-honeywell-upgrade-2018.bluemod.us/portable-power/products
http://www.honeywellgenerators.com/terms-conditions,http://generac-honeywell-upgrade-2018.bluemod.us/terms-conditions
http://www.honeywellgenerators.com/privacy,http://generac-honeywell-upgrade-2018.bluemod.us/privacy
http://www.honeywellgenerators.com/home-backup-power/products,http://generac-honeywell-upgrade-2018.bluemod.us/home-backup-power/products
http://www.honeywellgenerators.com/home-backup-power/in-home-assessment,http://generac-honeywell-upgrade-2018.bluemod.us/home-backup-power/in-home-assessment
http://www.honeywellgenerators.com/portable-power/accessories,http://generac-honeywell-upgrade-2018.bluemod.us/portable-power/accessories
http://www.honeywellgenerators.com/home-backup-power/accessories,http://generac-honeywell-upgrade-2018.bluemod.us/home-backup-power/accessories
http://www.honeywellgenerators.com/find-a-dealer,http://generac-honeywell-upgrade-2018.bluemod.us/find-a-dealer
http://www.honeywellgenerators.com/dealer-portal,http://generac-honeywell-upgrade-2018.bluemod.us/dealer-portal
http://www.honeywellgenerators.com/portable-power/transfer-switches,http://generac-honeywell-upgrade-2018.bluemod.us/portable-power/transfer-switches
http://www.honeywellgenerators.com/commercial-power/products,http://generac-honeywell-upgrade-2018.bluemod.us/commercial-power/products
http://www.honeywellgenerators.com/home-backup-power/how-it-works,http://generac-honeywell-upgrade-2018.bluemod.us/home-backup-power/how-it-works
http://www.honeywellgenerators.com/be-prepared,http://generac-honeywell-upgrade-2018.bluemod.us/be-prepared
http://www.honeywellgenerators.com/home-backup-power/sizing-calculator,http://generac-honeywell-upgrade-2018.bluemod.us/home-backup-power/sizing-calculator
http://www.honeywellgenerators.com/site-map,http://generac-honeywell-upgrade-2018.bluemod.us/site-map
http://www.honeywellgenerators.com/service-support/owner-support,http://generac-honeywell-upgrade-2018.bluemod.us/service-support/owner-support
http://www.honeywellgenerators.com/portable-power/choosing-the-right-generator,http://generac-honeywell-upgrade-2018.bluemod.us/portable-power/choosing-the-right-generator
http://www.honeywellgenerators.com/commercial-power,http://generac-honeywell-upgrade-2018.bluemod.us/commercial-power
http://www.honeywellgenerators.com/home-backup-power,http://generac-honeywell-upgrade-2018.bluemod.us/home-backup-power
http://www.honeywellgenerators.com/commercial-power/why-standby-power,http://generac-honeywell-upgrade-2018.bluemod.us/commercial-power/why-standby-power
http://www.honeywellgenerators.com/commercial-power/transfer-switches,http://generac-honeywell-upgrade-2018.bluemod.us/commercial-power/transfer-switches
http://www.honeywellgenerators.com/privacy-policy,http://generac-honeywell-upgrade-2018.bluemod.us/privacy-policy
http://www.honeywellgenerators.com/service-support,http://generac-honeywell-upgrade-2018.bluemod.us/service-support
http://www.honeywellgenerators.com/home-backup-power/mobile-link,http://generac-honeywell-upgrade-2018.bluemod.us/home-backup-power/mobile-link
http://www.honeywellgenerators.com/home-backup-power/transfer-switches,http://generac-honeywell-upgrade-2018.bluemod.us/home-backup-power/transfer-switches
http://www.honeywellgenerators.com/HoneywellGenerators/media/Library/Downloads/Home%20Backup/Accessories/Honeywell-Generators_Home-Backup-Accessories-0191110SBY-C-26R-Battery.pdf,http://generac-honeywell-upgrade-2018.bluemod.us/HoneywellGenerators/media/Library/Downloads/Home%20Backup/Accessories/Honeywell-Generators_Home-Backup-Accessories-0191110SBY-C-26R-Battery.pdf
http://www.honeywellgenerators.com/service-support/owner-support?categoryid=e965ac53-ea9d-4943-95db-78123c5a8a07,http://generac-honeywell-upgrade-2018.bluemod.us/service-support/owner-support?categoryid=e965ac53-ea9d-4943-95db-78123c5a8a07
http://www.honeywellgenerators.com/service-support/owner-support?categoryid=b09d92d7-16bc-4fe1-9314-11061550a7ca,http://generac-honeywell-upgrade-2018.bluemod.us/service-support/owner-support?categoryid=b09d92d7-16bc-4fe1-9314-11061550a7ca
http://www.honeywellgenerators.com/commercial-power/generators/38kw,http://generac-honeywell-upgrade-2018.bluemod.us/commercial-power/generators/38kw
http://www.honeywellgenerators.com/commercial-power/generators/150kw,http://generac-honeywell-upgrade-2018.bluemod.us/commercial-power/generators/150kw
http://www.honeywellgenerators.com/commercial-power/generators/15kw,http://generac-honeywell-upgrade-2018.bluemod.us/commercial-power/generators/15kw
http://www.honeywellgenerators.com/home-backup-power/generators/32kw,http://generac-honeywell-upgrade-2018.bluemod.us/home-backup-power/generators/32kw
http://www.honeywellgenerators.com/commercial-power/generators/30kw,http://generac-honeywell-upgrade-2018.bluemod.us/commercial-power/generators/30kw
http://www.honeywellgenerators.com/dealer-registration,http://generac-honeywell-upgrade-2018.bluemod.us/dealer-registration
http://www.honeywellgenerators.com/home-backup-power/generators/22kw-ac,http://generac-honeywell-upgrade-2018.bluemod.us/home-backup-power/generators/22kw-ac
http://www.honeywellgenerators.com/home-backup-power/generators/20kw,http://generac-honeywell-upgrade-2018.bluemod.us/home-backup-power/generators/20kw
http://www.honeywellgenerators.com/home-backup-power/generators/20kw-wifi-enabled,http://generac-honeywell-upgrade-2018.bluemod.us/home-backup-power/generators/20kw-wifi-enabled
http://www.honeywellgenerators.com/home-backup-power/generators/16kw-wifi-enabled,http://generac-honeywell-upgrade-2018.bluemod.us/home-backup-power/generators/16kw-wifi-enabled
http://www.honeywellgenerators.com/home-backup-power/generators/16kw,http://generac-honeywell-upgrade-2018.bluemod.us/home-backup-power/generators/16kw
http://www.honeywellgenerators.com/commercial-power/generators/27kw,http://generac-honeywell-upgrade-2018.bluemod.us/commercial-power/generators/27kw
http://www.honeywellgenerators.com/home-backup-power/generators/9kw-wifi-enabled,http://generac-honeywell-upgrade-2018.bluemod.us/home-backup-power/generators/9kw-wifi-enabled
http://www.honeywellgenerators.com/home-backup-power/generators/22kw-lc,http://generac-honeywell-upgrade-2018.bluemod.us/home-backup-power/generators/22kw-lc
http://www.honeywellgenerators.com/dealer-registration?returnurl=%2Fdealer-portal,http://generac-honeywell-upgrade-2018.bluemod.us/dealer-registration?returnurl=%2Fdealer-portal
http://www.honeywellgenerators.com/commercial-power/generators/80kw,http://generac-honeywell-upgrade-2018.bluemod.us/commercial-power/generators/80kw
http://www.honeywellgenerators.com/commercial-power/generators/32kw,http://generac-honeywell-upgrade-2018.bluemod.us/commercial-power/generators/32kw
http://www.honeywellgenerators.com/home-backup-power/generators/11kw-wifi-enabled,http://generac-honeywell-upgrade-2018.bluemod.us/home-backup-power/generators/11kw-wifi-enabled
http://www.honeywellgenerators.com/commercial-power/generators/70kw,http://generac-honeywell-upgrade-2018.bluemod.us/commercial-power/generators/70kw
http://www.honeywellgenerators.com/home-backup-power/generators/11kw,http://generac-honeywell-upgrade-2018.bluemod.us/home-backup-power/generators/11kw
http://www.honeywellgenerators.com/home-backup-power/generators/honeywell-150kw-home-generator,http://generac-honeywell-upgrade-2018.bluemod.us/home-backup-power/generators/honeywell-150kw-home-generator
http://www.honeywellgenerators.com/commercial-power/generators/20kw,http://generac-honeywell-upgrade-2018.bluemod.us/commercial-power/generators/20kw
http://www.honeywellgenerators.com/home-backup-power/generators/13kva-50hz,http://generac-honeywell-upgrade-2018.bluemod.us/home-backup-power/generators/13kva-50hz
http://www.honeywellgenerators.com/CMSPages/GetResource.ashx?scriptfile=~%2Flc%2Fassets%2Fjs%2Fwebparts%2Fproduct-grid-filters.js,http://generac-honeywell-upgrade-2018.bluemod.us/CMSPages/GetResource.ashx?scriptfile=~%2Flc%2Fassets%2Fjs%2Fwebparts%2Fproduct-grid-filters.js
http://www.honeywellgenerators.com/contact-us,http://generac-honeywell-upgrade-2018.bluemod.us/contact-us
http://www.honeywellgenerators.com/commercial-power/generators/100kw,http://generac-honeywell-upgrade-2018.bluemod.us/commercial-power/generators/100kw
http://www.honeywellgenerators.com/home-backup-power/generators/10kva-50hz,http://generac-honeywell-upgrade-2018.bluemod.us/home-backup-power/generators/10kva-50hz
http://www.honeywellgenerators.com/portable-power/generators/5500-watt,http://generac-honeywell-upgrade-2018.bluemod.us/portable-power/generators/5500-watt
http://www.honeywellgenerators.com/home-backup-power/generators/48kw,http://generac-honeywell-upgrade-2018.bluemod.us/home-backup-power/generators/48kw
http://www.honeywellgenerators.com/home-backup-power/generators/honeywell-100kw-home-generator,http://generac-honeywell-upgrade-2018.bluemod.us/home-backup-power/generators/honeywell-100kw-home-generator
http://www.honeywellgenerators.com/commercial-power/generators/22kw,http://generac-honeywell-upgrade-2018.bluemod.us/commercial-power/generators/22kw
http://www.honeywellgenerators.com/commercial-power/generators/60kw,http://generac-honeywell-upgrade-2018.bluemod.us/commercial-power/generators/60kw
http://www.honeywellgenerators.com/home-backup-power/generators/honeywell-60kw-home-generator,http://generac-honeywell-upgrade-2018.bluemod.us/home-backup-power/generators/honeywell-60kw-home-generator
http://www.honeywellgenerators.com/home-backup-power/generators/22kw-ac-wifi-enabled,http://generac-honeywell-upgrade-2018.bluemod.us/home-backup-power/generators/22kw-ac-wifi-enabled
http://www.honeywellgenerators.com/commercial-power/generators/50kw,http://generac-honeywell-upgrade-2018.bluemod.us/commercial-power/generators/50kw
http://www.honeywellgenerators.com/home-backup-power/generators/honeywell-130kw-home-generator,http://generac-honeywell-upgrade-2018.bluemod.us/home-backup-power/generators/honeywell-130kw-home-generator
http://www.honeywellgenerators.com/service-support/owner-support/product-info,http://generac-honeywell-upgrade-2018.bluemod.us/service-support/owner-support/product-info
http://www.honeywellgenerators.com/home-backup-power/generators/honeywell-80kw-home-generator,http://generac-honeywell-upgrade-2018.bluemod.us/home-backup-power/generators/honeywell-80kw-home-generator
http://www.honeywellgenerators.com/home-backup-power/generators/27kw,http://generac-honeywell-upgrade-2018.bluemod.us/home-backup-power/generators/27kw
http://www.honeywellgenerators.com/ScriptResource.axd?d=fIGZd8Pc4nx4dgGqF_NVis4SSM5NFlCa8RWCuIX6U0XTfQ7x7sWJboBT6qPMC9IjKCbCCErATnruMCdneqdCh2xAhmEKCcHSUkM0MEZ5kebPIFIJvskbJWTHZoX5fh9U0&t=7c776dc1,http://generac-honeywell-upgrade-2018.bluemod.us/ScriptResource.axd?d=fIGZd8Pc4nx4dgGqF_NVis4SSM5NFlCa8RWCuIX6U0XTfQ7x7sWJboBT6qPMC9IjKCbCCErATnruMCdneqdCh2xAhmEKCcHSUkM0MEZ5kebPIFIJvskbJWTHZoX5fh9U0&t=7c776dc1
http://www.honeywellgenerators.com/default.aspx,http://generac-honeywell-upgrade-2018.bluemod.us/default.aspx
http://www.honeywellgenerators.com/home-backup-power/generators/38kw,http://generac-honeywell-upgrade-2018.bluemod.us/home-backup-power/generators/38kw
http://www.honeywellgenerators.com/commercial-power/generators/130kw,http://generac-honeywell-upgrade-2018.bluemod.us/commercial-power/generators/130kw
http://www.honeywellgenerators.com/home-backup-power/generators/8kva-50hz,http://generac-honeywell-upgrade-2018.bluemod.us/home-backup-power/generators/8kva-50hz
http://www.honeywellgenerators.com/service-support/owner-support?categoryid=29e68187-5624-4c46-a748-7e263fe0323e,http://generac-honeywell-upgrade-2018.bluemod.us/service-support/owner-support?categoryid=29e68187-5624-4c46-a748-7e263fe0323e
http://www.honeywellgenerators.com/commercial-power/accessories,http://generac-honeywell-upgrade-2018.bluemod.us/commercial-power/accessories
http://www.honeywellgenerators.com/home-backup-power/generators/9kw,http://generac-honeywell-upgrade-2018.bluemod.us/home-backup-power/generators/9kw
http://www.honeywellgenerators.com/home-backup-power/generators/honeywell-70kw-home-generator,http://generac-honeywell-upgrade-2018.bluemod.us/home-backup-power/generators/honeywell-70kw-home-generator
http://www.honeywellgenerators.com/portable-power/generators/7500e-watt,http://generac-honeywell-upgrade-2018.bluemod.us/portable-power/generators/7500e-watt
http://www.honeywellgenerators.com/commercial-power/generators/48kw,http://generac-honeywell-upgrade-2018.bluemod.us/commercial-power/generators/48kw
http://www.honeywellgenerators.com/portable-power/choosing-the-right-generator,http://generac-honeywell-upgrade-2018.bluemod.us/portable-power/choosing-the-right-generator
http://www.honeywellgenerators.com/service-support/owner-support?categoryid=1e6393ad-ce8a-4dfd-b2af-df99a6383bf7,http://generac-honeywell-upgrade-2018.bluemod.us/service-support/owner-support?categoryid=1e6393ad-ce8a-4dfd-b2af-df99a6383bf7
http://www.honeywellgenerators.com/portable-power/products,http://generac-honeywell-upgrade-2018.bluemod.us/portable-power/products
http://www.honeywellgenerators.com/terms-conditions,http://generac-honeywell-upgrade-2018.bluemod.us/terms-conditions
http://www.honeywellgenerators.com/be-prepared,http://generac-honeywell-upgrade-2018.bluemod.us/be-prepared
http://www.honeywellgenerators.com/portable-power,http://generac-honeywell-upgrade-2018.bluemod.us/portable-power
http://www.honeywellgenerators.com/privacy,http://generac-honeywell-upgrade-2018.bluemod.us/privacy
http://www.honeywellgenerators.com/portable-power/transfer-switches,http://generac-honeywell-upgrade-2018.bluemod.us/portable-power/transfer-switches
http://www.honeywellgenerators.com/site-map,http://generac-honeywell-upgrade-2018.bluemod.us/site-map
http://www.honeywellgenerators.com/home-backup-power/how-it-works,http://generac-honeywell-upgrade-2018.bluemod.us/home-backup-power/how-it-works
http://www.honeywellgenerators.com/dealer-registration,http://generac-honeywell-upgrade-2018.bluemod.us/dealer-registration
http://www.honeywellgenerators.com/,http://generac-honeywell-upgrade-2018.bluemod.us/
http://www.honeywellgenerators.com/service-support/owner-support?categoryid=41372100-eef7-4c81-a371-b0119540fcd6,http://generac-honeywell-upgrade-2018.bluemod.us/service-support/owner-support?categoryid=41372100-eef7-4c81-a371-b0119540fcd6
http://www.honeywellgenerators.com/home-backup-power/mobile-link,http://generac-honeywell-upgrade-2018.bluemod.us/home-backup-power/mobile-link
http://www.honeywellgenerators.com/service-support/owner-support?categoryid=4df4d509-cd0d-4d7d-a320-74c8adbc2e41,http://generac-honeywell-upgrade-2018.bluemod.us/service-support/owner-support?categoryid=4df4d509-cd0d-4d7d-a320-74c8adbc2e41
http://www.honeywellgenerators.com/dealer-registration?returnurl=%2Fdealer-portal,http://generac-honeywell-upgrade-2018.bluemod.us/dealer-registration?returnurl=%2Fdealer-portal
http://www.honeywellgenerators.com/service-support/owner-support?categoryid=6e778993-ddb7-4651-a05c-da03cb18593b,http://generac-honeywell-upgrade-2018.bluemod.us/service-support/owner-support?categoryid=6e778993-ddb7-4651-a05c-da03cb18593b
http://www.honeywellgenerators.com/service-support/product-information,http://generac-honeywell-upgrade-2018.bluemod.us/service-support/product-information
http://www.honeywellgenerators.com/service-support/owner-support?categoryid=e96aacab-715d-466f-93cc-69f711cb9dd4,http://generac-honeywell-upgrade-2018.bluemod.us/service-support/owner-support?categoryid=e96aacab-715d-466f-93cc-69f711cb9dd4
http://www.honeywellgenerators.com/home-backup-power/transfer-switches,http://generac-honeywell-upgrade-2018.bluemod.us/home-backup-power/transfer-switches
http://www.honeywellgenerators.com/home-backup-power/sizing-calculator,http://generac-honeywell-upgrade-2018.bluemod.us/home-backup-power/sizing-calculator
http://www.honeywellgenerators.com/service-support/owner-support?categoryid=ad4942c9-69d3-4ccd-abba-f20a8ee81ef7,http://generac-honeywell-upgrade-2018.bluemod.us/service-support/owner-support?categoryid=ad4942c9-69d3-4ccd-abba-f20a8ee81ef7
http://www.honeywellgenerators.com/home-backup-power/products,http://generac-honeywell-upgrade-2018.bluemod.us/home-backup-power/products
http://www.honeywellgenerators.com/commercial-power/transfer-switches,http://generac-honeywell-upgrade-2018.bluemod.us/commercial-power/transfer-switches
http://www.honeywellgenerators.com/dealer-portal,http://generac-honeywell-upgrade-2018.bluemod.us/dealer-portal
http://www.honeywellgenerators.com/service-support/owner-support?categoryid=2267edf6-69f4-4c07-8bfe-41ba790fac38,http://generac-honeywell-upgrade-2018.bluemod.us/service-support/owner-support?categoryid=2267edf6-69f4-4c07-8bfe-41ba790fac38
http://www.honeywellgenerators.com/portable-power/accessories,http://generac-honeywell-upgrade-2018.bluemod.us/portable-power/accessories
http://www.honeywellgenerators.com/home-backup-power/in-home-assessment,http://generac-honeywell-upgrade-2018.bluemod.us/home-backup-power/in-home-assessment
http://www.honeywellgenerators.com/privacy-policy,http://generac-honeywell-upgrade-2018.bluemod.us/privacy-policy
http://www.honeywellgenerators.com/service-support/owner-support?categoryid=ba00c91a-bdbd-491b-bb9c-58cab809ccc6,http://generac-honeywell-upgrade-2018.bluemod.us/service-support/owner-support?categoryid=ba00c91a-bdbd-491b-bb9c-58cab809ccc6
http://www.honeywellgenerators.com/service-support/owner-support?categoryid=24502cb9-2f98-4486-aa7b-4c70bb16b4df,http://generac-honeywell-upgrade-2018.bluemod.us/service-support/owner-support?categoryid=24502cb9-2f98-4486-aa7b-4c70bb16b4df
http://www.honeywellgenerators.com/service-support,http://generac-honeywell-upgrade-2018.bluemod.us/service-support
http://www.honeywellgenerators.com/find-a-dealer,http://generac-honeywell-upgrade-2018.bluemod.us/find-a-dealer
http://www.honeywellgenerators.com/home-backup-power,http://generac-honeywell-upgrade-2018.bluemod.us/home-backup-power
http://www.honeywellgenerators.com/service-support/owner-support?categoryid=3d5253c1-c6c7-4437-a495-ee361ac002b2,http://generac-honeywell-upgrade-2018.bluemod.us/service-support/owner-support?categoryid=3d5253c1-c6c7-4437-a495-ee361ac002b2
http://www.honeywellgenerators.com/service-support/owner-support?categoryid=cc1bbc88-e7e1-4f79-ae9b-f3a9526b58eb,http://generac-honeywell-upgrade-2018.bluemod.us/service-support/owner-support?categoryid=cc1bbc88-e7e1-4f79-ae9b-f3a9526b58eb
http://www.honeywellgenerators.com/ScriptResource.axd?d=fIGZd8Pc4nx4dgGqF_NVis4SSM5NFlCa8RWCuIX6U0XTfQ7x7sWJboBT6qPMC9IjKCbCCErATnruMCdneqdCh2xAhmEKCcHSUkM0MEZ5kebPIFIJvskbJWTHZoX5fh9U0&t=7c776dc1,http://generac-honeywell-upgrade-2018.bluemod.us/ScriptResource.axd?d=fIGZd8Pc4nx4dgGqF_NVis4SSM5NFlCa8RWCuIX6U0XTfQ7x7sWJboBT6qPMC9IjKCbCCErATnruMCdneqdCh2xAhmEKCcHSUkM0MEZ5kebPIFIJvskbJWTHZoX5fh9U0&t=7c776dc1
http://www.honeywellgenerators.com/service-support/owner-support?categoryid=8c7d8075-67b4-4a0e-9a19-bc4b3fb30c57,http://generac-honeywell-upgrade-2018.bluemod.us/service-support/owner-support?categoryid=8c7d8075-67b4-4a0e-9a19-bc4b3fb30c57
http://www.honeywellgenerators.com/home-backup-power/accessories,http://generac-honeywell-upgrade-2018.bluemod.us/home-backup-power/accessories
http://www.honeywellgenerators.com/service-support/owner-support?categoryid=f8b45af2-367b-466f-98ff-3f65e70eb982,http://generac-honeywell-upgrade-2018.bluemod.us/service-support/owner-support?categoryid=f8b45af2-367b-466f-98ff-3f65e70eb982
http://www.honeywellgenerators.com/commercial-power/why-standby-power,http://generac-honeywell-upgrade-2018.bluemod.us/commercial-power/why-standby-power
http://www.honeywellgenerators.com/service-support/owner-support?categoryid=cf708d7e-80c7-4b74-8dfa-6c04ac2a86ee,http://generac-honeywell-upgrade-2018.bluemod.us/service-support/owner-support?categoryid=cf708d7e-80c7-4b74-8dfa-6c04ac2a86ee
http://www.honeywellgenerators.com/service-support/owner-support?categoryid=500202a0-7864-4600-a71d-f68216738852,http://generac-honeywell-upgrade-2018.bluemod.us/service-support/owner-support?categoryid=500202a0-7864-4600-a71d-f68216738852
http://www.honeywellgenerators.com/commercial-power,http://generac-honeywell-upgrade-2018.bluemod.us/commercial-power
http://www.honeywellgenerators.com/commercial-power/mobile-link,http://generac-honeywell-upgrade-2018.bluemod.us/commercial-power/mobile-link
http://www.honeywellgenerators.com/service-support/owner-support,http://generac-honeywell-upgrade-2018.bluemod.us/service-support/owner-support
http://www.honeywellgenerators.com/commercial-power/products,http://generac-honeywell-upgrade-2018.bluemod.us/commercial-power/products
http://www.honeywellgenerators.com/service-support/owner-support?categoryid=27e5e6be-ea31-4ff2-9159-af85a68190e3,http://generac-honeywell-upgrade-2018.bluemod.us/service-support/owner-support?categoryid=27e5e6be-ea31-4ff2-9159-af85a68190e3
http://www.honeywellgenerators.com/HoneywellGenerators/media/Library/Downloads/Home%20Backup/Accessories/Honeywell-Generators_Home-Backup-Accessories-0191110SBY-C-26R-Battery.pdf,http://generac-honeywell-upgrade-2018.bluemod.us/HoneywellGenerators/media/Library/Downloads/Home%20Backup/Accessories/Honeywell-Generators_Home-Backup-Accessories-0191110SBY-C-26R-Battery.pdf
http://www.honeywellgenerators.com/portable-power/generators/7500e-watt,http://generac-honeywell-upgrade-2018.bluemod.us/portable-power/generators/7500e-watt
http://www.honeywellgenerators.com/CMSMessages/PageNotFound.aspx?aspxerrorpath=/ScriptResource.axd,http://generac-honeywell-upgrade-2018.bluemod.us/CMSMessages/PageNotFound.aspx?aspxerrorpath=/ScriptResource.axd
http://www.honeywellgenerators.com/service-support/owner-support?categoryid=1466afda-4fda-45b5-92f5-7d546dc8d2ad,http://generac-honeywell-upgrade-2018.bluemod.us/service-support/owner-support?categoryid=1466afda-4fda-45b5-92f5-7d546dc8d2ad
http://www.honeywellgenerators.com/service-support/owner-support/product-info?productid=180fffb3-0dfa-4aa3-962b-43141112fba8,http://generac-honeywell-upgrade-2018.bluemod.us/service-support/owner-support/product-info?productid=180fffb3-0dfa-4aa3-962b-43141112fba8
http://www.honeywellgenerators.com/service-support/owner-support/product-info?productid=a3407842-6edb-42e9-8b00-0f5803871c90,http://generac-honeywell-upgrade-2018.bluemod.us/service-support/owner-support/product-info?productid=a3407842-6edb-42e9-8b00-0f5803871c90
http://www.honeywellgenerators.com/portable-power/generators/5500-watt,http://generac-honeywell-upgrade-2018.bluemod.us/portable-power/generators/5500-watt
http://www.honeywellgenerators.com/service-support/owner-support/product-info?productid=96ea0a27-d718-4863-a608-5d4b7313ea23,http://generac-honeywell-upgrade-2018.bluemod.us/service-support/owner-support/product-info?productid=96ea0a27-d718-4863-a608-5d4b7313ea23
http://www.honeywellgenerators.com/commercial-power/accessories,http://generac-honeywell-upgrade-2018.bluemod.us/commercial-power/accessories
http://www.honeywellgenerators.com/service-support/owner-support?categoryid=57f11ff8-2c23-4b2e-9bc5-b54312f361ac,http://generac-honeywell-upgrade-2018.bluemod.us/service-support/owner-support?categoryid=57f11ff8-2c23-4b2e-9bc5-b54312f361ac
http://www.honeywellgenerators.com/service-support/owner-support/product-info?productid=d1f54d77-96d3-4a6f-9ca0-536b92ba99d8,http://generac-honeywell-upgrade-2018.bluemod.us/service-support/owner-support/product-info?productid=d1f54d77-96d3-4a6f-9ca0-536b92ba99d8
http://www.honeywellgenerators.com/service-support/owner-support/product-info,http://generac-honeywell-upgrade-2018.bluemod.us/service-support/owner-support/product-info
http://www.honeywellgenerators.com/default.aspx,http://generac-honeywell-upgrade-2018.bluemod.us/default.aspx
http://www.honeywellgenerators.com/service-support/owner-support/product-info?productid=11f3dc90-a0d2-460c-aef3-00aa74212efb,http://generac-honeywell-upgrade-2018.bluemod.us/service-support/owner-support/product-info?productid=11f3dc90-a0d2-460c-aef3-00aa74212efb
http://www.honeywellgenerators.com/service-support/owner-support/product-info?productid=607121da-1ccc-471c-a9cc-400c108cf4ca,http://generac-honeywell-upgrade-2018.bluemod.us/service-support/owner-support/product-info?productid=607121da-1ccc-471c-a9cc-400c108cf4ca
http://www.honeywellgenerators.com/service-support/owner-support/product-info?productid=f6d1b1c5-491b-4da3-8fcb-44a41803eb4d,http://generac-honeywell-upgrade-2018.bluemod.us/service-support/owner-support/product-info?productid=f6d1b1c5-491b-4da3-8fcb-44a41803eb4d
http://www.honeywellgenerators.com/service-support/owner-support/product-info?productid=a7cc610c-2456-43cb-bb3f-7e9d17fcb42a,http://generac-honeywell-upgrade-2018.bluemod.us/service-support/owner-support/product-info?productid=a7cc610c-2456-43cb-bb3f-7e9d17fcb42a
